question,answer
hi 0,Hello! How can I help you today?
hello 0,Hi there! 😊
how are you 0,I'm doing great! How about you?
what is environment 1,Environment includes all living and non-living things around us.
why is environment important 1,It supports life and maintains ecological balance.
what is lion 2,Lion is known as the king of jungle.
what do animals eat 2,Animals eat plants or other animals depending on type.
what is bird 3,Birds are animals with feathers and wings.
can birds fly 3,Most birds can fly except some like penguins.
how to study better 4,Make a schedule and revise regularly.
how to focus 4,Avoid distractions and take breaks.
how to remove acne 5,Use gentle cleanser and avoid oily food.
how to get glowing skin 5,Drink water and maintain skincare routine.
hi 6,Hello! How can I help you today?
hello 6,Hi there! 😊
how are you 6,I'm doing great! How about you?
what is environment 7,Environment includes all living and non-living things around us.
why is environment important 7,It supports life and maintains ecological balance.
what is lion 8,Lion is known as the king of jungle.
what do animals eat 8,Animals eat plants or other animals depending on type.
what is bird 9,Birds are animals with feathers and wings.
can birds fly 9,Most birds can fly except some like penguins.
how to study better 10,Make a schedule and revise regularly.
how to focus 10,Avoid distractions and take breaks.
how to remove acne 11,Use gentle cleanser and avoid oily food.
how to get glowing skin 11,Drink water and maintain skincare routine.
hi 12,Hello! How can I help you today?
hello 12,Hi there! 😊
how are you 12,I'm doing great! How about you?
what is environment 13,Environment includes all living and non-living things around us.
why is environment important 13,It supports life and maintains ecological balance.
what is lion 14,Lion is known as the king of jungle.
what do animals eat 14,Animals eat plants or other animals depending on type.
what is bird 15,Birds are animals with feathers and wings.
can birds fly 15,Most birds can fly except some like penguins.
how to study better 16,Make a schedule and revise regularly.
how to focus 16,Avoid distractions and take breaks.
how to remove acne 17,Use gentle cleanser and avoid oily food.
how to get glowing skin 17,Drink water and maintain skincare routine.
hi 18,Hello! How can I help you today?
hello 18,Hi there! 😊
how are you 18,I'm doing great! How about you?
what is environment 19,Environment includes all living and non-living things around us.
why is environment important 19,It supports life and maintains ecological balance.
what is lion 20,Lion is known as the king of jungle.
what do animals eat 20,Animals eat plants or other animals depending on type.
what is bird 21,Birds are animals with feathers and wings.
can birds fly 21,Most birds can fly except some like penguins.
how to study better 22,Make a schedule and revise regularly.
how to focus 22,Avoid distractions and take breaks.
how to remove acne 23,Use gentle cleanser and avoid oily food.
how to get glowing skin 23,Drink water and maintain skincare routine.
hi 24,Hello! How can I help you today?
hello 24,Hi there! 😊
how are you 24,I'm doing great! How about you?
what is environment 25,Environment includes all living and non-living things around us.
why is environment important 25,It supports life and maintains ecological balance.
what is lion 26,Lion is known as the king of jungle.
what do animals eat 26,Animals eat plants or other animals depending on type.
what is bird 27,Birds are animals with feathers and wings.
can birds fly 27,Most birds can fly except some like penguins.
how to study better 28,Make a schedule and revise regularly.
how to focus 28,Avoid distractions and take breaks.
how to remove acne 29,Use gentle cleanser and avoid oily food.
how to get glowing skin 29,Drink water and maintain skincare routine.
hi 30,Hello! How can I help you today?
hello 30,Hi there! 😊
how are you 30,I'm doing great! How about you?
what is environment 31,Environment includes all living and non-living things around us.
why is environment important 31,It supports life and maintains ecological balance.
what is lion 32,Lion is known as the king of jungle.
what do animals eat 32,Animals eat plants or other animals depending on type.
what is bird 33,Birds are animals with feathers and wings.
can birds fly 33,Most birds can fly except some like penguins.
how to study better 34,Make a schedule and revise regularly.
how to focus 34,Avoid distractions and take breaks.
how to remove acne 35,Use gentle cleanser and avoid oily food.
how to get glowing skin 35,Drink water and maintain skincare routine.
hi 36,Hello! How can I help you today?
hello 36,Hi there! 😊
how are you 36,I'm doing great! How about you?
what is environment 37,Environment includes all living and non-living things around us.
why is environment important 37,It supports life and maintains ecological balance.
what is lion 38,Lion is known as the king of jungle.
what do animals eat 38,Animals eat plants or other animals depending on type.
what is bird 39,Birds are animals with feathers and wings.
can birds fly 39,Most birds can fly except some like penguins.
how to study better 40,Make a schedule and revise regularly.
how to focus 40,Avoid distractions and take breaks.
how to remove acne 41,Use gentle cleanser and avoid oily food.
how to get glowing skin 41,Drink water and maintain skincare routine.
hi 42,Hello! How can I help you today?
hello 42,Hi there! 😊
how are you 42,I'm doing great! How about you?
what is environment 43,Environment includes all living and non-living things around us.
why is environment important 43,It supports life and maintains ecological balance.
what is lion 44,Lion is known as the king of jungle.
what do animals eat 44,Animals eat plants or other animals depending on type.
what is bird 45,Birds are animals with feathers and wings.
can birds fly 45,Most birds can fly except some like penguins.
how to study better 46,Make a schedule and revise regularly.
how to focus 46,Avoid distractions and take breaks.
how to remove acne 47,Use gentle cleanser and avoid oily food.
how to get glowing skin 47,Drink water and maintain skincare routine.
hi 48,Hello! How can I help you today?
hello 48,Hi there! 😊
how are you 48,I'm doing great! How about you?
what is environment 49,Environment includes all living and non-living things around us.
why is environment important 49,It supports life and maintains ecological balance.
what is lion 50,Lion is known as the king of jungle.
what do animals eat 50,Animals eat plants or other animals depending on type.
what is bird 51,Birds are animals with feathers and wings.
can birds fly 51,Most birds can fly except some like penguins.
how to study better 52,Make a schedule and revise regularly.
how to focus 52,Avoid distractions and take breaks.
how to remove acne 53,Use gentle cleanser and avoid oily food.
how to get glowing skin 53,Drink water and maintain skincare routine.
hi 54,Hello! How can I help you today?
hello 54,Hi there! 😊
how are you 54,I'm doing great! How about you?
what is environment 55,Environment includes all living and non-living things around us.
why is environment important 55,It supports life and maintains ecological balance.
what is lion 56,Lion is known as the king of jungle.
what do animals eat 56,Animals eat plants or other animals depending on type.
what is bird 57,Birds are animals with feathers and wings.
can birds fly 57,Most birds can fly except some like penguins.
how to study better 58,Make a schedule and revise regularly.
how to focus 58,Avoid distractions and take breaks.
how to remove acne 59,Use gentle cleanser and avoid oily food.
how to get glowing skin 59,Drink water and maintain skincare routine.
hi 60,Hello! How can I help you today?
hello 60,Hi there! 😊
how are you 60,I'm doing great! How about you?
what is environment 61,Environment includes all living and non-living things around us.
why is environment important 61,It supports life and maintains ecological balance.
what is lion 62,Lion is known as the king of jungle.
what do animals eat 62,Animals eat plants or other animals depending on type.
what is bird 63,Birds are animals with feathers and wings.
can birds fly 63,Most birds can fly except some like penguins.
how to study better 64,Make a schedule and revise regularly.
how to focus 64,Avoid distractions and take breaks.
how to remove acne 65,Use gentle cleanser and avoid oily food.
how to get glowing skin 65,Drink water and maintain skincare routine.
hi 66,Hello! How can I help you today?
hello 66,Hi there! 😊
how are you 66,I'm doing great! How about you?
what is environment 67,Environment includes all living and non-living things around us.
why is environment important 67,It supports life and maintains ecological balance.
what is lion 68,Lion is known as the king of jungle.
what do animals eat 68,Animals eat plants or other animals depending on type.
what is bird 69,Birds are animals with feathers and wings.
can birds fly 69,Most birds can fly except some like penguins.
how to study better 70,Make a schedule and revise regularly.
how to focus 70,Avoid distractions and take breaks.
how to remove acne 71,Use gentle cleanser and avoid oily food.
how to get glowing skin 71,Drink water and maintain skincare routine.
hi 72,Hello! How can I help you today?
hello 72,Hi there! 😊
how are you 72,I'm doing great! How about you?
what is environment 73,Environment includes all living and non-living things around us.
why is environment important 73,It supports life and maintains ecological balance.
what is lion 74,Lion is known as the king of jungle.
what do animals eat 74,Animals eat plants or other animals depending on type.
what is bird 75,Birds are animals with feathers and wings.
can birds fly 75,Most birds can fly except some like penguins.
how to study better 76,Make a schedule and revise regularly.
how to focus 76,Avoid distractions and take breaks.
how to remove acne 77,Use gentle cleanser and avoid oily food.
how to get glowing skin 77,Drink water and maintain skincare routine.
hi 78,Hello! How can I help you today?
hello 78,Hi there! 😊
how are you 78,I'm doing great! How about you?
what is environment 79,Environment includes all living and non-living things around us.
why is environment important 79,It supports life and maintains ecological balance.
what is lion 80,Lion is known as the king of jungle.
what do animals eat 80,Animals eat plants or other animals depending on type.
what is bird 81,Birds are animals with feathers and wings.
can birds fly 81,Most birds can fly except some like penguins.
how to study better 82,Make a schedule and revise regularly.
how to focus 82,Avoid distractions and take breaks.
how to remove acne 83,Use gentle cleanser and avoid oily food.
how to get glowing skin 83,Drink water and maintain skincare routine.
hi 84,Hello! How can I help you today?
hello 84,Hi there! 😊
how are you 84,I'm doing great! How about you?
what is environment 85,Environment includes all living and non-living things around us.
why is environment important 85,It supports life and maintains ecological balance.
what is lion 86,Lion is known as the king of jungle.
what do animals eat 86,Animals eat plants or other animals depending on type.
what is bird 87,Birds are animals with feathers and wings.
can birds fly 87,Most birds can fly except some like penguins.
how to study better 88,Make a schedule and revise regularly.
how to focus 88,Avoid distractions and take breaks.
how to remove acne 89,Use gentle cleanser and avoid oily food.
how to get glowing skin 89,Drink water and maintain skincare routine.
hi 90,Hello! How can I help you today?
hello 90,Hi there! 😊
how are you 90,I'm doing great! How about you?
what is environment 91,Environment includes all living and non-living things around us.
why is environment important 91,It supports life and maintains ecological balance.
what is lion 92,Lion is known as the king of jungle.
what do animals eat 92,Animals eat plants or other animals depending on type.
what is bird 93,Birds are animals with feathers and wings.
can birds fly 93,Most birds can fly except some like penguins.
how to study better 94,Make a schedule and revise regularly.
how to focus 94,Avoid distractions and take breaks.
how to remove acne 95,Use gentle cleanser and avoid oily food.
how to get glowing skin 95,Drink water and maintain skincare routine.
hi 96,Hello! How can I help you today?
hello 96,Hi there! 😊
how are you 96,I'm doing great! How about you?
what is environment 97,Environment includes all living and non-living things around us.
why is environment important 97,It supports life and maintains ecological balance.
what is lion 98,Lion is known as the king of jungle.
what do animals eat 98,Animals eat plants or other animals depending on type.
what is bird 99,Birds are animals with feathers and wings.
can birds fly 99,Most birds can fly except some like penguins.
how to study better 100,Make a schedule and revise regularly.
how to focus 100,Avoid distractions and take breaks.
how to remove acne 101,Use gentle cleanser and avoid oily food.
how to get glowing skin 101,Drink water and maintain skincare routine.
hi 102,Hello! How can I help you today?
hello 102,Hi there! 😊
how are you 102,I'm doing great! How about you?
what is environment 103,Environment includes all living and non-living things around us.
why is environment important 103,It supports life and maintains ecological balance.
what is lion 104,Lion is known as the king of jungle.
what do animals eat 104,Animals eat plants or other animals depending on type.
what is bird 105,Birds are animals with feathers and wings.
can birds fly 105,Most birds can fly except some like penguins.
how to study better 106,Make a schedule and revise regularly.
how to focus 106,Avoid distractions and take breaks.
how to remove acne 107,Use gentle cleanser and avoid oily food.
how to get glowing skin 107,Drink water and maintain skincare routine.
hi 108,Hello! How can I help you today?
hello 108,Hi there! 😊
how are you 108,I'm doing great! How about you?
what is environment 109,Environment includes all living and non-living things around us.
why is environment important 109,It supports life and maintains ecological balance.
what is lion 110,Lion is known as the king of jungle.
what do animals eat 110,Animals eat plants or other animals depending on type.
what is bird 111,Birds are animals with feathers and wings.
can birds fly 111,Most birds can fly except some like penguins.
how to study better 112,Make a schedule and revise regularly.
how to focus 112,Avoid distractions and take breaks.
how to remove acne 113,Use gentle cleanser and avoid oily food.
how to get glowing skin 113,Drink water and maintain skincare routine.
hi 114,Hello! How can I help you today?
hello 114,Hi there! 😊
how are you 114,I'm doing great! How about you?
what is environment 115,Environment includes all living and non-living things around us.
why is environment important 115,It supports life and maintains ecological balance.
what is lion 116,Lion is known as the king of jungle.
what do animals eat 116,Animals eat plants or other animals depending on type.
what is bird 117,Birds are animals with feathers and wings.
can birds fly 117,Most birds can fly except some like penguins.
how to study better 118,Make a schedule and revise regularly.
how to focus 118,Avoid distractions and take breaks.
how to remove acne 119,Use gentle cleanser and avoid oily food.
how to get glowing skin 119,Drink water and maintain skincare routine.
hi 120,Hello! How can I help you today?
hello 120,Hi there! 😊
how are you 120,I'm doing great! How about you?
what is environment 121,Environment includes all living and non-living things around us.
why is environment important 121,It supports life and maintains ecological balance.
what is lion 122,Lion is known as the king of jungle.
what do animals eat 122,Animals eat plants or other animals depending on type.
what is bird 123,Birds are animals with feathers and wings.
can birds fly 123,Most birds can fly except some like penguins.
how to study better 124,Make a schedule and revise regularly.
how to focus 124,Avoid distractions and take breaks.
how to remove acne 125,Use gentle cleanser and avoid oily food.
how to get glowing skin 125,Drink water and maintain skincare routine.
hi 126,Hello! How can I help you today?
hello 126,Hi there! 😊
how are you 126,I'm doing great! How about you?
what is environment 127,Environment includes all living and non-living things around us.
why is environment important 127,It supports life and maintains ecological balance.
what is lion 128,Lion is known as the king of jungle.
what do animals eat 128,Animals eat plants or other animals depending on type.
what is bird 129,Birds are animals with feathers and wings.
can birds fly 129,Most birds can fly except some like penguins.
how to study better 130,Make a schedule and revise regularly.
how to focus 130,Avoid distractions and take breaks.
how to remove acne 131,Use gentle cleanser and avoid oily food.
how to get glowing skin 131,Drink water and maintain skincare routine.
hi 132,Hello! How can I help you today?
hello 132,Hi there! 😊
how are you 132,I'm doing great! How about you?
what is environment 133,Environment includes all living and non-living things around us.
why is environment important 133,It supports life and maintains ecological balance.
what is lion 134,Lion is known as the king of jungle.
what do animals eat 134,Animals eat plants or other animals depending on type.
what is bird 135,Birds are animals with feathers and wings.
can birds fly 135,Most birds can fly except some like penguins.
how to study better 136,Make a schedule and revise regularly.
how to focus 136,Avoid distractions and take breaks.
how to remove acne 137,Use gentle cleanser and avoid oily food.
how to get glowing skin 137,Drink water and maintain skincare routine.
hi 138,Hello! How can I help you today?
hello 138,Hi there! 😊
how are you 138,I'm doing great! How about you?
what is environment 139,Environment includes all living and non-living things around us.
why is environment important 139,It supports life and maintains ecological balance.
what is lion 140,Lion is known as the king of jungle.
what do animals eat 140,Animals eat plants or other animals depending on type.
what is bird 141,Birds are animals with feathers and wings.
can birds fly 141,Most birds can fly except some like penguins.
how to study better 142,Make a schedule and revise regularly.
how to focus 142,Avoid distractions and take breaks.
how to remove acne 143,Use gentle cleanser and avoid oily food.
how to get glowing skin 143,Drink water and maintain skincare routine.
hi 144,Hello! How can I help you today?
hello 144,Hi there! 😊
how are you 144,I'm doing great! How about you?
what is environment 145,Environment includes all living and non-living things around us.
why is environment important 145,It supports life and maintains ecological balance.
what is lion 146,Lion is known as the king of jungle.
what do animals eat 146,Animals eat plants or other animals depending on type.
what is bird 147,Birds are animals with feathers and wings.
can birds fly 147,Most birds can fly except some like penguins.
how to study better 148,Make a schedule and revise regularly.
how to focus 148,Avoid distractions and take breaks.
how to remove acne 149,Use gentle cleanser and avoid oily food.
how to get glowing skin 149,Drink water and maintain skincare routine.
hi 150,Hello! How can I help you today?
hello 150,Hi there! 😊
how are you 150,I'm doing great! How about you?
what is environment 151,Environment includes all living and non-living things around us.
why is environment important 151,It supports life and maintains ecological balance.
what is lion 152,Lion is known as the king of jungle.
what do animals eat 152,Animals eat plants or other animals depending on type.
what is bird 153,Birds are animals with feathers and wings.
can birds fly 153,Most birds can fly except some like penguins.
how to study better 154,Make a schedule and revise regularly.
how to focus 154,Avoid distractions and take breaks.
how to remove acne 155,Use gentle cleanser and avoid oily food.
how to get glowing skin 155,Drink water and maintain skincare routine.
hi 156,Hello! How can I help you today?
hello 156,Hi there! 😊
how are you 156,I'm doing great! How about you?
what is environment 157,Environment includes all living and non-living things around us.
why is environment important 157,It supports life and maintains ecological balance.
what is lion 158,Lion is known as the king of jungle.
what do animals eat 158,Animals eat plants or other animals depending on type.
what is bird 159,Birds are animals with feathers and wings.
can birds fly 159,Most birds can fly except some like penguins.
how to study better 160,Make a schedule and revise regularly.
how to focus 160,Avoid distractions and take breaks.
how to remove acne 161,Use gentle cleanser and avoid oily food.
how to get glowing skin 161,Drink water and maintain skincare routine.
hi 162,Hello! How can I help you today?
hello 162,Hi there! 😊
how are you 162,I'm doing great! How about you?
what is environment 163,Environment includes all living and non-living things around us.
why is environment important 163,It supports life and maintains ecological balance.
what is lion 164,Lion is known as the king of jungle.
what do animals eat 164,Animals eat plants or other animals depending on type.
what is bird 165,Birds are animals with feathers and wings.
can birds fly 165,Most birds can fly except some like penguins.
how to study better 166,Make a schedule and revise regularly.
how to focus 166,Avoid distractions and take breaks.
how to remove acne 167,Use gentle cleanser and avoid oily food.
how to get glowing skin 167,Drink water and maintain skincare routine.
hi 168,Hello! How can I help you today?
hello 168,Hi there! 😊
how are you 168,I'm doing great! How about you?
what is environment 169,Environment includes all living and non-living things around us.
why is environment important 169,It supports life and maintains ecological balance.
what is lion 170,Lion is known as the king of jungle.
what do animals eat 170,Animals eat plants or other animals depending on type.
what is bird 171,Birds are animals with feathers and wings.
can birds fly 171,Most birds can fly except some like penguins.
how to study better 172,Make a schedule and revise regularly.
how to focus 172,Avoid distractions and take breaks.
how to remove acne 173,Use gentle cleanser and avoid oily food.
how to get glowing skin 173,Drink water and maintain skincare routine.
hi 174,Hello! How can I help you today?
hello 174,Hi there! 😊
how are you 174,I'm doing great! How about you?
what is environment 175,Environment includes all living and non-living things around us.
why is environment important 175,It supports life and maintains ecological balance.
what is lion 176,Lion is known as the king of jungle.
what do animals eat 176,Animals eat plants or other animals depending on type.
what is bird 177,Birds are animals with feathers and wings.
can birds fly 177,Most birds can fly except some like penguins.
how to study better 178,Make a schedule and revise regularly.
how to focus 178,Avoid distractions and take breaks.
how to remove acne 179,Use gentle cleanser and avoid oily food.
how to get glowing skin 179,Drink water and maintain skincare routine.
hi 180,Hello! How can I help you today?
hello 180,Hi there! 😊
how are you 180,I'm doing great! How about you?
what is environment 181,Environment includes all living and non-living things around us.
why is environment important 181,It supports life and maintains ecological balance.
what is lion 182,Lion is known as the king of jungle.
what do animals eat 182,Animals eat plants or other animals depending on type.
what is bird 183,Birds are animals with feathers and wings.
can birds fly 183,Most birds can fly except some like penguins.
how to study better 184,Make a schedule and revise regularly.
how to focus 184,Avoid distractions and take breaks.
how to remove acne 185,Use gentle cleanser and avoid oily food.
how to get glowing skin 185,Drink water and maintain skincare routine.
hi 186,Hello! How can I help you today?
hello 186,Hi there! 😊
how are you 186,I'm doing great! How about you?
what is environment 187,Environment includes all living and non-living things around us.
why is environment important 187,It supports life and maintains ecological balance.
what is lion 188,Lion is known as the king of jungle.
what do animals eat 188,Animals eat plants or other animals depending on type.
what is bird 189,Birds are animals with feathers and wings.
can birds fly 189,Most birds can fly except some like penguins.
how to study better 190,Make a schedule and revise regularly.
how to focus 190,Avoid distractions and take breaks.
how to remove acne 191,Use gentle cleanser and avoid oily food.
how to get glowing skin 191,Drink water and maintain skincare routine.
hi 192,Hello! How can I help you today?
hello 192,Hi there! 😊
how are you 192,I'm doing great! How about you?
what is environment 193,Environment includes all living and non-living things around us.
why is environment important 193,It supports life and maintains ecological balance.
what is lion 194,Lion is known as the king of jungle.
what do animals eat 194,Animals eat plants or other animals depending on type.
what is bird 195,Birds are animals with feathers and wings.
can birds fly 195,Most birds can fly except some like penguins.
how to study better 196,Make a schedule and revise regularly.
how to focus 196,Avoid distractions and take breaks.
how to remove acne 197,Use gentle cleanser and avoid oily food.
how to get glowing skin 197,Drink water and maintain skincare routine.
hi 198,Hello! How can I help you today?
hello 198,Hi there! 😊
how are you 198,I'm doing great! How about you?
what is environment 199,Environment includes all living and non-living things around us.
why is environment important 199,It supports life and maintains ecological balance.
what is lion 200,Lion is known as the king of jungle.
what do animals eat 200,Animals eat plants or other animals depending on type.
what is bird 201,Birds are animals with feathers and wings.
can birds fly 201,Most birds can fly except some like penguins.
how to study better 202,Make a schedule and revise regularly.
how to focus 202,Avoid distractions and take breaks.
how to remove acne 203,Use gentle cleanser and avoid oily food.
how to get glowing skin 203,Drink water and maintain skincare routine.
hi 204,Hello! How can I help you today?
hello 204,Hi there! 😊
how are you 204,I'm doing great! How about you?
what is environment 205,Environment includes all living and non-living things around us.
why is environment important 205,It supports life and maintains ecological balance.
what is lion 206,Lion is known as the king of jungle.
what do animals eat 206,Animals eat plants or other animals depending on type.
what is bird 207,Birds are animals with feathers and wings.
can birds fly 207,Most birds can fly except some like penguins.
how to study better 208,Make a schedule and revise regularly.
how to focus 208,Avoid distractions and take breaks.
how to remove acne 209,Use gentle cleanser and avoid oily food.
how to get glowing skin 209,Drink water and maintain skincare routine.
hi 210,Hello! How can I help you today?
hello 210,Hi there! 😊
how are you 210,I'm doing great! How about you?
what is environment 211,Environment includes all living and non-living things around us.
why is environment important 211,It supports life and maintains ecological balance.
what is lion 212,Lion is known as the king of jungle.
what do animals eat 212,Animals eat plants or other animals depending on type.
what is bird 213,Birds are animals with feathers and wings.
can birds fly 213,Most birds can fly except some like penguins.
how to study better 214,Make a schedule and revise regularly.
how to focus 214,Avoid distractions and take breaks.
how to remove acne 215,Use gentle cleanser and avoid oily food.
how to get glowing skin 215,Drink water and maintain skincare routine.
hi 216,Hello! How can I help you today?
hello 216,Hi there! 😊
how are you 216,I'm doing great! How about you?
what is environment 217,Environment includes all living and non-living things around us.
why is environment important 217,It supports life and maintains ecological balance.
what is lion 218,Lion is known as the king of jungle.
what do animals eat 218,Animals eat plants or other animals depending on type.
what is bird 219,Birds are animals with feathers and wings.
can birds fly 219,Most birds can fly except some like penguins.
how to study better 220,Make a schedule and revise regularly.
how to focus 220,Avoid distractions and take breaks.
how to remove acne 221,Use gentle cleanser and avoid oily food.
how to get glowing skin 221,Drink water and maintain skincare routine.
hi 222,Hello! How can I help you today?
hello 222,Hi there! 😊
how are you 222,I'm doing great! How about you?
what is environment 223,Environment includes all living and non-living things around us.
why is environment important 223,It supports life and maintains ecological balance.
what is lion 224,Lion is known as the king of jungle.
what do animals eat 224,Animals eat plants or other animals depending on type.
what is bird 225,Birds are animals with feathers and wings.
can birds fly 225,Most birds can fly except some like penguins.
how to study better 226,Make a schedule and revise regularly.
how to focus 226,Avoid distractions and take breaks.
how to remove acne 227,Use gentle cleanser and avoid oily food.
how to get glowing skin 227,Drink water and maintain skincare routine.
hi 228,Hello! How can I help you today?
hello 228,Hi there! 😊
how are you 228,I'm doing great! How about you?
what is environment 229,Environment includes all living and non-living things around us.
why is environment important 229,It supports life and maintains ecological balance.
what is lion 230,Lion is known as the king of jungle.
what do animals eat 230,Animals eat plants or other animals depending on type.
what is bird 231,Birds are animals with feathers and wings.
can birds fly 231,Most birds can fly except some like penguins.
how to study better 232,Make a schedule and revise regularly.
how to focus 232,Avoid distractions and take breaks.
how to remove acne 233,Use gentle cleanser and avoid oily food.
how to get glowing skin 233,Drink water and maintain skincare routine.
hi 234,Hello! How can I help you today?
hello 234,Hi there! 😊
how are you 234,I'm doing great! How about you?
what is environment 235,Environment includes all living and non-living things around us.
why is environment important 235,It supports life and maintains ecological balance.
what is lion 236,Lion is known as the king of jungle.
what do animals eat 236,Animals eat plants or other animals depending on type.
what is bird 237,Birds are animals with feathers and wings.
can birds fly 237,Most birds can fly except some like penguins.
how to study better 238,Make a schedule and revise regularly.
how to focus 238,Avoid distractions and take breaks.
how to remove acne 239,Use gentle cleanser and avoid oily food.
how to get glowing skin 239,Drink water and maintain skincare routine.
hi 240,Hello! How can I help you today?
hello 240,Hi there! 😊
how are you 240,I'm doing great! How about you?
what is environment 241,Environment includes all living and non-living things around us.
why is environment important 241,It supports life and maintains ecological balance.
what is lion 242,Lion is known as the king of jungle.
what do animals eat 242,Animals eat plants or other animals depending on type.
what is bird 243,Birds are animals with feathers and wings.
can birds fly 243,Most birds can fly except some like penguins.
how to study better 244,Make a schedule and revise regularly.
how to focus 244,Avoid distractions and take breaks.
how to remove acne 245,Use gentle cleanser and avoid oily food.
how to get glowing skin 245,Drink water and maintain skincare routine.
hi 246,Hello! How can I help you today?
hello 246,Hi there! 😊
how are you 246,I'm doing great! How about you?
what is environment 247,Environment includes all living and non-living things around us.
why is environment important 247,It supports life and maintains ecological balance.
what is lion 248,Lion is known as the king of jungle.
what do animals eat 248,Animals eat plants or other animals depending on type.
what is bird 249,Birds are animals with feathers and wings.
can birds fly 249,Most birds can fly except some like penguins.
how to study better 250,Make a schedule and revise regularly.
how to focus 250,Avoid distractions and take breaks.
how to remove acne 251,Use gentle cleanser and avoid oily food.
how to get glowing skin 251,Drink water and maintain skincare routine.
hi 252,Hello! How can I help you today?
hello 252,Hi there! 😊
how are you 252,I'm doing great! How about you?
what is environment 253,Environment includes all living and non-living things around us.
why is environment important 253,It supports life and maintains ecological balance.
what is lion 254,Lion is known as the king of jungle.
what do animals eat 254,Animals eat plants or other animals depending on type.
what is bird 255,Birds are animals with feathers and wings.
can birds fly 255,Most birds can fly except some like penguins.
how to study better 256,Make a schedule and revise regularly.
how to focus 256,Avoid distractions and take breaks.
how to remove acne 257,Use gentle cleanser and avoid oily food.
how to get glowing skin 257,Drink water and maintain skincare routine.
hi 258,Hello! How can I help you today?
hello 258,Hi there! 😊
how are you 258,I'm doing great! How about you?
what is environment 259,Environment includes all living and non-living things around us.
why is environment important 259,It supports life and maintains ecological balance.
what is lion 260,Lion is known as the king of jungle.
what do animals eat 260,Animals eat plants or other animals depending on type.
what is bird 261,Birds are animals with feathers and wings.
can birds fly 261,Most birds can fly except some like penguins.
how to study better 262,Make a schedule and revise regularly.
how to focus 262,Avoid distractions and take breaks.
how to remove acne 263,Use gentle cleanser and avoid oily food.
how to get glowing skin 263,Drink water and maintain skincare routine.
hi 264,Hello! How can I help you today?
hello 264,Hi there! 😊
how are you 264,I'm doing great! How about you?
what is environment 265,Environment includes all living and non-living things around us.
why is environment important 265,It supports life and maintains ecological balance.
what is lion 266,Lion is known as the king of jungle.
what do animals eat 266,Animals eat plants or other animals depending on type.
what is bird 267,Birds are animals with feathers and wings.
can birds fly 267,Most birds can fly except some like penguins.
how to study better 268,Make a schedule and revise regularly.
how to focus 268,Avoid distractions and take breaks.
how to remove acne 269,Use gentle cleanser and avoid oily food.
how to get glowing skin 269,Drink water and maintain skincare routine.
hi 270,Hello! How can I help you today?
hello 270,Hi there! 😊
how are you 270,I'm doing great! How about you?
what is environment 271,Environment includes all living and non-living things around us.
why is environment important 271,It supports life and maintains ecological balance.
what is lion 272,Lion is known as the king of jungle.
what do animals eat 272,Animals eat plants or other animals depending on type.
what is bird 273,Birds are animals with feathers and wings.
can birds fly 273,Most birds can fly except some like penguins.
how to study better 274,Make a schedule and revise regularly.
how to focus 274,Avoid distractions and take breaks.
how to remove acne 275,Use gentle cleanser and avoid oily food.
how to get glowing skin 275,Drink water and maintain skincare routine.
hi 276,Hello! How can I help you today?
hello 276,Hi there! 😊
how are you 276,I'm doing great! How about you?
what is environment 277,Environment includes all living and non-living things around us.
why is environment important 277,It supports life and maintains ecological balance.
what is lion 278,Lion is known as the king of jungle.
what do animals eat 278,Animals eat plants or other animals depending on type.
what is bird 279,Birds are animals with feathers and wings.
can birds fly 279,Most birds can fly except some like penguins.
how to study better 280,Make a schedule and revise regularly.
how to focus 280,Avoid distractions and take breaks.
how to remove acne 281,Use gentle cleanser and avoid oily food.
how to get glowing skin 281,Drink water and maintain skincare routine.
hi 282,Hello! How can I help you today?
hello 282,Hi there! 😊
how are you 282,I'm doing great! How about you?
what is environment 283,Environment includes all living and non-living things around us.
why is environment important 283,It supports life and maintains ecological balance.
what is lion 284,Lion is known as the king of jungle.
what do animals eat 284,Animals eat plants or other animals depending on type.
what is bird 285,Birds are animals with feathers and wings.
can birds fly 285,Most birds can fly except some like penguins.
how to study better 286,Make a schedule and revise regularly.
how to focus 286,Avoid distractions and take breaks.
how to remove acne 287,Use gentle cleanser and avoid oily food.
how to get glowing skin 287,Drink water and maintain skincare routine.
hi 288,Hello! How can I help you today?
hello 288,Hi there! 😊
how are you 288,I'm doing great! How about you?
what is environment 289,Environment includes all living and non-living things around us.
why is environment important 289,It supports life and maintains ecological balance.
what is lion 290,Lion is known as the king of jungle.
what do animals eat 290,Animals eat plants or other animals depending on type.
what is bird 291,Birds are animals with feathers and wings.
can birds fly 291,Most birds can fly except some like penguins.
how to study better 292,Make a schedule and revise regularly.
how to focus 292,Avoid distractions and take breaks.
how to remove acne 293,Use gentle cleanser and avoid oily food.
how to get glowing skin 293,Drink water and maintain skincare routine.
hi 294,Hello! How can I help you today?
hello 294,Hi there! 😊
how are you 294,I'm doing great! How about you?
what is environment 295,Environment includes all living and non-living things around us.
why is environment important 295,It supports life and maintains ecological balance.
what is lion 296,Lion is known as the king of jungle.
what do animals eat 296,Animals eat plants or other animals depending on type.
what is bird 297,Birds are animals with feathers and wings.
can birds fly 297,Most birds can fly except some like penguins.
how to study better 298,Make a schedule and revise regularly.
how to focus 298,Avoid distractions and take breaks.
how to remove acne 299,Use gentle cleanser and avoid oily food.
how to get glowing skin 299,Drink water and maintain skincare routine.
hi 300,Hello! How can I help you today?
hello 300,Hi there! 😊
how are you 300,I'm doing great! How about you?
what is environment 301,Environment includes all living and non-living things around us.
why is environment important 301,It supports life and maintains ecological balance.
what is lion 302,Lion is known as the king of jungle.
what do animals eat 302,Animals eat plants or other animals depending on type.
what is bird 303,Birds are animals with feathers and wings.
can birds fly 303,Most birds can fly except some like penguins.
how to study better 304,Make a schedule and revise regularly.
how to focus 304,Avoid distractions and take breaks.
how to remove acne 305,Use gentle cleanser and avoid oily food.
how to get glowing skin 305,Drink water and maintain skincare routine.
hi 306,Hello! How can I help you today?
hello 306,Hi there! 😊
how are you 306,I'm doing great! How about you?
what is environment 307,Environment includes all living and non-living things around us.
why is environment important 307,It supports life and maintains ecological balance.
what is lion 308,Lion is known as the king of jungle.
what do animals eat 308,Animals eat plants or other animals depending on type.
what is bird 309,Birds are animals with feathers and wings.
can birds fly 309,Most birds can fly except some like penguins.
how to study better 310,Make a schedule and revise regularly.
how to focus 310,Avoid distractions and take breaks.
how to remove acne 311,Use gentle cleanser and avoid oily food.
how to get glowing skin 311,Drink water and maintain skincare routine.
hi 312,Hello! How can I help you today?
hello 312,Hi there! 😊
how are you 312,I'm doing great! How about you?
what is environment 313,Environment includes all living and non-living things around us.
why is environment important 313,It supports life and maintains ecological balance.
what is lion 314,Lion is known as the king of jungle.
what do animals eat 314,Animals eat plants or other animals depending on type.
what is bird 315,Birds are animals with feathers and wings.
can birds fly 315,Most birds can fly except some like penguins.
how to study better 316,Make a schedule and revise regularly.
how to focus 316,Avoid distractions and take breaks.
how to remove acne 317,Use gentle cleanser and avoid oily food.
how to get glowing skin 317,Drink water and maintain skincare routine.
hi 318,Hello! How can I help you today?
hello 318,Hi there! 😊
how are you 318,I'm doing great! How about you?
what is environment 319,Environment includes all living and non-living things around us.
why is environment important 319,It supports life and maintains ecological balance.
what is lion 320,Lion is known as the king of jungle.
what do animals eat 320,Animals eat plants or other animals depending on type.
what is bird 321,Birds are animals with feathers and wings.
can birds fly 321,Most birds can fly except some like penguins.
how to study better 322,Make a schedule and revise regularly.
how to focus 322,Avoid distractions and take breaks.
how to remove acne 323,Use gentle cleanser and avoid oily food.
how to get glowing skin 323,Drink water and maintain skincare routine.
hi 324,Hello! How can I help you today?
hello 324,Hi there! 😊
how are you 324,I'm doing great! How about you?
what is environment 325,Environment includes all living and non-living things around us.
why is environment important 325,It supports life and maintains ecological balance.
what is lion 326,Lion is known as the king of jungle.
what do animals eat 326,Animals eat plants or other animals depending on type.
what is bird 327,Birds are animals with feathers and wings.
can birds fly 327,Most birds can fly except some like penguins.
how to study better 328,Make a schedule and revise regularly.
how to focus 328,Avoid distractions and take breaks.
how to remove acne 329,Use gentle cleanser and avoid oily food.
how to get glowing skin 329,Drink water and maintain skincare routine.
hi 330,Hello! How can I help you today?
hello 330,Hi there! 😊
how are you 330,I'm doing great! How about you?
what is environment 331,Environment includes all living and non-living things around us.
why is environment important 331,It supports life and maintains ecological balance.
what is lion 332,Lion is known as the king of jungle.
what do animals eat 332,Animals eat plants or other animals depending on type.
what is bird 333,Birds are animals with feathers and wings.
can birds fly 333,Most birds can fly except some like penguins.
how to study better 334,Make a schedule and revise regularly.
how to focus 334,Avoid distractions and take breaks.
how to remove acne 335,Use gentle cleanser and avoid oily food.
how to get glowing skin 335,Drink water and maintain skincare routine.
hi 336,Hello! How can I help you today?
hello 336,Hi there! 😊
how are you 336,I'm doing great! How about you?
what is environment 337,Environment includes all living and non-living things around us.
why is environment important 337,It supports life and maintains ecological balance.
what is lion 338,Lion is known as the king of jungle.
what do animals eat 338,Animals eat plants or other animals depending on type.
what is bird 339,Birds are animals with feathers and wings.
can birds fly 339,Most birds can fly except some like penguins.
how to study better 340,Make a schedule and revise regularly.
how to focus 340,Avoid distractions and take breaks.
how to remove acne 341,Use gentle cleanser and avoid oily food.
how to get glowing skin 341,Drink water and maintain skincare routine.
hi 342,Hello! How can I help you today?
hello 342,Hi there! 😊
how are you 342,I'm doing great! How about you?
what is environment 343,Environment includes all living and non-living things around us.
why is environment important 343,It supports life and maintains ecological balance.
what is lion 344,Lion is known as the king of jungle.
what do animals eat 344,Animals eat plants or other animals depending on type.
what is bird 345,Birds are animals with feathers and wings.
can birds fly 345,Most birds can fly except some like penguins.
how to study better 346,Make a schedule and revise regularly.
how to focus 346,Avoid distractions and take breaks.
how to remove acne 347,Use gentle cleanser and avoid oily food.
how to get glowing skin 347,Drink water and maintain skincare routine.
hi 348,Hello! How can I help you today?
hello 348,Hi there! 😊
how are you 348,I'm doing great! How about you?
what is environment 349,Environment includes all living and non-living things around us.
why is environment important 349,It supports life and maintains ecological balance.
what is lion 350,Lion is known as the king of jungle.
what do animals eat 350,Animals eat plants or other animals depending on type.
what is bird 351,Birds are animals with feathers and wings.
can birds fly 351,Most birds can fly except some like penguins.
how to study better 352,Make a schedule and revise regularly.
how to focus 352,Avoid distractions and take breaks.
how to remove acne 353,Use gentle cleanser and avoid oily food.
how to get glowing skin 353,Drink water and maintain skincare routine.
hi 354,Hello! How can I help you today?
hello 354,Hi there! 😊
how are you 354,I'm doing great! How about you?
what is environment 355,Environment includes all living and non-living things around us.
why is environment important 355,It supports life and maintains ecological balance.
what is lion 356,Lion is known as the king of jungle.
what do animals eat 356,Animals eat plants or other animals depending on type.
what is bird 357,Birds are animals with feathers and wings.
can birds fly 357,Most birds can fly except some like penguins.
how to study better 358,Make a schedule and revise regularly.
how to focus 358,Avoid distractions and take breaks.
how to remove acne 359,Use gentle cleanser and avoid oily food.
how to get glowing skin 359,Drink water and maintain skincare routine.
hi 360,Hello! How can I help you today?
hello 360,Hi there! 😊
how are you 360,I'm doing great! How about you?
what is environment 361,Environment includes all living and non-living things around us.
why is environment important 361,It supports life and maintains ecological balance.
what is lion 362,Lion is known as the king of jungle.
what do animals eat 362,Animals eat plants or other animals depending on type.
what is bird 363,Birds are animals with feathers and wings.
can birds fly 363,Most birds can fly except some like penguins.
how to study better 364,Make a schedule and revise regularly.
how to focus 364,Avoid distractions and take breaks.
how to remove acne 365,Use gentle cleanser and avoid oily food.
how to get glowing skin 365,Drink water and maintain skincare routine.
hi 366,Hello! How can I help you today?
hello 366,Hi there! 😊
how are you 366,I'm doing great! How about you?
what is environment 367,Environment includes all living and non-living things around us.
why is environment important 367,It supports life and maintains ecological balance.
what is lion 368,Lion is known as the king of jungle.
what do animals eat 368,Animals eat plants or other animals depending on type.
what is bird 369,Birds are animals with feathers and wings.
can birds fly 369,Most birds can fly except some like penguins.
how to study better 370,Make a schedule and revise regularly.
how to focus 370,Avoid distractions and take breaks.
how to remove acne 371,Use gentle cleanser and avoid oily food.
how to get glowing skin 371,Drink water and maintain skincare routine.
hi 372,Hello! How can I help you today?
hello 372,Hi there! 😊
how are you 372,I'm doing great! How about you?
what is environment 373,Environment includes all living and non-living things around us.
why is environment important 373,It supports life and maintains ecological balance.
what is lion 374,Lion is known as the king of jungle.
what do animals eat 374,Animals eat plants or other animals depending on type.
what is bird 375,Birds are animals with feathers and wings.
can birds fly 375,Most birds can fly except some like penguins.
how to study better 376,Make a schedule and revise regularly.
how to focus 376,Avoid distractions and take breaks.
how to remove acne 377,Use gentle cleanser and avoid oily food.
how to get glowing skin 377,Drink water and maintain skincare routine.
hi 378,Hello! How can I help you today?
hello 378,Hi there! 😊
how are you 378,I'm doing great! How about you?
what is environment 379,Environment includes all living and non-living things around us.
why is environment important 379,It supports life and maintains ecological balance.
what is lion 380,Lion is known as the king of jungle.
what do animals eat 380,Animals eat plants or other animals depending on type.
what is bird 381,Birds are animals with feathers and wings.
can birds fly 381,Most birds can fly except some like penguins.
how to study better 382,Make a schedule and revise regularly.
how to focus 382,Avoid distractions and take breaks.
how to remove acne 383,Use gentle cleanser and avoid oily food.
how to get glowing skin 383,Drink water and maintain skincare routine.
hi 384,Hello! How can I help you today?
hello 384,Hi there! 😊
how are you 384,I'm doing great! How about you?
what is environment 385,Environment includes all living and non-living things around us.
why is environment important 385,It supports life and maintains ecological balance.
what is lion 386,Lion is known as the king of jungle.
what do animals eat 386,Animals eat plants or other animals depending on type.
what is bird 387,Birds are animals with feathers and wings.
can birds fly 387,Most birds can fly except some like penguins.
how to study better 388,Make a schedule and revise regularly.
how to focus 388,Avoid distractions and take breaks.
how to remove acne 389,Use gentle cleanser and avoid oily food.
how to get glowing skin 389,Drink water and maintain skincare routine.
hi 390,Hello! How can I help you today?
hello 390,Hi there! 😊
how are you 390,I'm doing great! How about you?
what is environment 391,Environment includes all living and non-living things around us.
why is environment important 391,It supports life and maintains ecological balance.
what is lion 392,Lion is known as the king of jungle.
what do animals eat 392,Animals eat plants or other animals depending on type.
what is bird 393,Birds are animals with feathers and wings.
can birds fly 393,Most birds can fly except some like penguins.
how to study better 394,Make a schedule and revise regularly.
how to focus 394,Avoid distractions and take breaks.
how to remove acne 395,Use gentle cleanser and avoid oily food.
how to get glowing skin 395,Drink water and maintain skincare routine.
hi 396,Hello! How can I help you today?
hello 396,Hi there! 😊
how are you 396,I'm doing great! How about you?
what is environment 397,Environment includes all living and non-living things around us.
why is environment important 397,It supports life and maintains ecological balance.
what is lion 398,Lion is known as the king of jungle.
what do animals eat 398,Animals eat plants or other animals depending on type.
what is bird 399,Birds are animals with feathers and wings.
can birds fly 399,Most birds can fly except some like penguins.
how to study better 400,Make a schedule and revise regularly.
how to focus 400,Avoid distractions and take breaks.
how to remove acne 401,Use gentle cleanser and avoid oily food.
how to get glowing skin 401,Drink water and maintain skincare routine.
hi 402,Hello! How can I help you today?
hello 402,Hi there! 😊
how are you 402,I'm doing great! How about you?
what is environment 403,Environment includes all living and non-living things around us.
why is environment important 403,It supports life and maintains ecological balance.
what is lion 404,Lion is known as the king of jungle.
what do animals eat 404,Animals eat plants or other animals depending on type.
what is bird 405,Birds are animals with feathers and wings.
can birds fly 405,Most birds can fly except some like penguins.
how to study better 406,Make a schedule and revise regularly.
how to focus 406,Avoid distractions and take breaks.
how to remove acne 407,Use gentle cleanser and avoid oily food.
how to get glowing skin 407,Drink water and maintain skincare routine.
hi 408,Hello! How can I help you today?
hello 408,Hi there! 😊
how are you 408,I'm doing great! How about you?
what is environment 409,Environment includes all living and non-living things around us.
why is environment important 409,It supports life and maintains ecological balance.
what is lion 410,Lion is known as the king of jungle.
what do animals eat 410,Animals eat plants or other animals depending on type.
what is bird 411,Birds are animals with feathers and wings.
can birds fly 411,Most birds can fly except some like penguins.
how to study better 412,Make a schedule and revise regularly.
how to focus 412,Avoid distractions and take breaks.
how to remove acne 413,Use gentle cleanser and avoid oily food.
how to get glowing skin 413,Drink water and maintain skincare routine.
hi 414,Hello! How can I help you today?
hello 414,Hi there! 😊
how are you 414,I'm doing great! How about you?
what is environment 415,Environment includes all living and non-living things around us.
why is environment important 415,It supports life and maintains ecological balance.
what is lion 416,Lion is known as the king of jungle.
what do animals eat 416,Animals eat plants or other animals depending on type.
what is bird 417,Birds are animals with feathers and wings.
can birds fly 417,Most birds can fly except some like penguins.
how to study better 418,Make a schedule and revise regularly.
how to focus 418,Avoid distractions and take breaks.
how to remove acne 419,Use gentle cleanser and avoid oily food.
how to get glowing skin 419,Drink water and maintain skincare routine.
hi 420,Hello! How can I help you today?
hello 420,Hi there! 😊
how are you 420,I'm doing great! How about you?
what is environment 421,Environment includes all living and non-living things around us.
why is environment important 421,It supports life and maintains ecological balance.
what is lion 422,Lion is known as the king of jungle.
what do animals eat 422,Animals eat plants or other animals depending on type.
what is bird 423,Birds are animals with feathers and wings.
can birds fly 423,Most birds can fly except some like penguins.
how to study better 424,Make a schedule and revise regularly.
how to focus 424,Avoid distractions and take breaks.
how to remove acne 425,Use gentle cleanser and avoid oily food.
how to get glowing skin 425,Drink water and maintain skincare routine.
hi 426,Hello! How can I help you today?
hello 426,Hi there! 😊
how are you 426,I'm doing great! How about you?
what is environment 427,Environment includes all living and non-living things around us.
why is environment important 427,It supports life and maintains ecological balance.
what is lion 428,Lion is known as the king of jungle.
what do animals eat 428,Animals eat plants or other animals depending on type.
what is bird 429,Birds are animals with feathers and wings.
can birds fly 429,Most birds can fly except some like penguins.
how to study better 430,Make a schedule and revise regularly.
how to focus 430,Avoid distractions and take breaks.
how to remove acne 431,Use gentle cleanser and avoid oily food.
how to get glowing skin 431,Drink water and maintain skincare routine.
hi 432,Hello! How can I help you today?
hello 432,Hi there! 😊
how are you 432,I'm doing great! How about you?
what is environment 433,Environment includes all living and non-living things around us.
why is environment important 433,It supports life and maintains ecological balance.
what is lion 434,Lion is known as the king of jungle.
what do animals eat 434,Animals eat plants or other animals depending on type.
what is bird 435,Birds are animals with feathers and wings.
can birds fly 435,Most birds can fly except some like penguins.
how to study better 436,Make a schedule and revise regularly.
how to focus 436,Avoid distractions and take breaks.
how to remove acne 437,Use gentle cleanser and avoid oily food.
how to get glowing skin 437,Drink water and maintain skincare routine.
hi 438,Hello! How can I help you today?
hello 438,Hi there! 😊
how are you 438,I'm doing great! How about you?
what is environment 439,Environment includes all living and non-living things around us.
why is environment important 439,It supports life and maintains ecological balance.
what is lion 440,Lion is known as the king of jungle.
what do animals eat 440,Animals eat plants or other animals depending on type.
what is bird 441,Birds are animals with feathers and wings.
can birds fly 441,Most birds can fly except some like penguins.
how to study better 442,Make a schedule and revise regularly.
how to focus 442,Avoid distractions and take breaks.
how to remove acne 443,Use gentle cleanser and avoid oily food.
how to get glowing skin 443,Drink water and maintain skincare routine.
hi 444,Hello! How can I help you today?
hello 444,Hi there! 😊
how are you 444,I'm doing great! How about you?
what is environment 445,Environment includes all living and non-living things around us.
why is environment important 445,It supports life and maintains ecological balance.
what is lion 446,Lion is known as the king of jungle.
what do animals eat 446,Animals eat plants or other animals depending on type.
what is bird 447,Birds are animals with feathers and wings.
can birds fly 447,Most birds can fly except some like penguins.
how to study better 448,Make a schedule and revise regularly.
how to focus 448,Avoid distractions and take breaks.
how to remove acne 449,Use gentle cleanser and avoid oily food.
how to get glowing skin 449,Drink water and maintain skincare routine.
hi 450,Hello! How can I help you today?
hello 450,Hi there! 😊
how are you 450,I'm doing great! How about you?
what is environment 451,Environment includes all living and non-living things around us.
why is environment important 451,It supports life and maintains ecological balance.
what is lion 452,Lion is known as the king of jungle.
what do animals eat 452,Animals eat plants or other animals depending on type.
what is bird 453,Birds are animals with feathers and wings.
can birds fly 453,Most birds can fly except some like penguins.
how to study better 454,Make a schedule and revise regularly.
how to focus 454,Avoid distractions and take breaks.
how to remove acne 455,Use gentle cleanser and avoid oily food.
how to get glowing skin 455,Drink water and maintain skincare routine.
hi 456,Hello! How can I help you today?
hello 456,Hi there! 😊
how are you 456,I'm doing great! How about you?
what is environment 457,Environment includes all living and non-living things around us.
why is environment important 457,It supports life and maintains ecological balance.
what is lion 458,Lion is known as the king of jungle.
what do animals eat 458,Animals eat plants or other animals depending on type.
what is bird 459,Birds are animals with feathers and wings.
can birds fly 459,Most birds can fly except some like penguins.
how to study better 460,Make a schedule and revise regularly.
how to focus 460,Avoid distractions and take breaks.
how to remove acne 461,Use gentle cleanser and avoid oily food.
how are you,I am doing great 😊 How can I help you?
hi,Hello! 👋
hello,Hi there! 😊
what is your name,I am your AI chatbot 🤖
what is your favorite animal,I like all animals but cats are adorable 🐱
which animal is your favourite,I like dolphins 🐬 they are intelligent!
how many animals are there,There are millions of animal species on Earth 🌍
which bird is your favourite,I like peacocks 🦚 they are beautiful!
what is AI,AI stands for Artificial Intelligence which allows machines to think and learn 🤖
what is technology,Technology is the use of science to solve problems and make life easier 💡
what is machine learning,Machine learning is a part of AI that allows systems to learn from data 📊
what is python,Python is a popular programming language used in AI and web development 🐍
how to study effectively,Make a schedule and revise regularly 📚
how to stay focused,Remove distractions and take short breaks ⏳
how to get glowing skin,Drink water and follow a good skincare routine ✨
how to remove acne,Use gentle products and avoid oily food 🧴